dataset,eps,frames,range_bin_m,gt,recall,median_raw_points_per_gt,clusters_per_frame,latency_total_p50_ms
kitti_mini,0.5,20,0-10,15,1.0,1028.0,41.2,17.9569
kitti_mini,0.5,20,10-20,27,1.0,410.0,41.2,17.9569
kitti_mini,0.5,20,20-30,31,1.0,113.0,41.2,17.9569
kitti_mini,0.5,20,30-40,14,1.0,50.5,41.2,17.9569
kitti_mini,1.0,20,0-10,15,1.0,1028.0,22.5,21.8123
kitti_mini,1.0,20,10-20,27,1.0,410.0,22.5,21.8123
kitti_mini,1.0,20,20-30,31,1.0,113.0,22.5,21.8123
kitti_mini,1.0,20,30-40,14,1.0,50.5,22.5,21.8123
nuscenes_mini_subset,0.5,40,0-10,18,1.0,85.5,34.225,3.953
nuscenes_mini_subset,0.5,40,10-20,61,0.9508,34.0,34.225,3.953
nuscenes_mini_subset,0.5,40,20-30,94,0.6596,12.5,34.225,3.953
nuscenes_mini_subset,0.5,40,30-40,32,0.6562,7.5,34.225,3.953
nuscenes_mini_subset,1.0,40,0-10,18,1.0,85.5,21.425,3.9036
nuscenes_mini_subset,1.0,40,10-20,61,0.9672,34.0,21.425,3.9036
nuscenes_mini_subset,1.0,40,20-30,94,0.9255,12.5,21.425,3.9036
nuscenes_mini_subset,1.0,40,30-40,32,0.9375,7.5,21.425,3.9036
