frame,distance_threshold,voxel_size,eps,height_m,distance_m,lateral_y_m,n_object_points_raw,n_object_points_downsampled,n_kept_after_ground,best_cluster_points,detected
000012,0.05,0.1,0.5,0.1,5,-1.5,589,170,136,136,True
000012,0.05,0.1,0.5,0.1,10,-1.5,100,43,24,24,True
000012,0.05,0.1,0.5,0.1,15,-1.5,56,32,15,15,True
000012,0.05,0.1,0.5,0.1,20,-1.5,37,29,0,0,False
000012,0.05,0.1,0.5,0.1,30,-1.5,14,12,0,0,False
000012,0.05,0.1,0.5,0.15,5,-1.5,675,135,104,104,True
000012,0.05,0.1,0.5,0.15,10,-1.5,125,53,34,34,True
000012,0.05,0.1,0.5,0.15,15,-1.5,84,39,32,19,True
000012,0.05,0.1,0.5,0.15,20,-1.5,41,29,14,14,True
000012,0.05,0.1,0.5,0.15,30,-1.5,14,12,0,0,False
000012,0.05,0.1,0.5,0.2,5,-1.5,761,181,151,151,True
000012,0.05,0.1,0.5,0.2,10,-1.5,152,66,45,36,True
000012,0.05,0.1,0.5,0.2,15,-1.5,85,37,23,23,True
000012,0.05,0.1,0.5,0.2,20,-1.5,41,28,13,12,True
000012,0.05,0.1,0.5,0.2,30,-1.5,28,25,14,14,True
000012,0.05,0.1,0.5,0.3,5,-1.5,933,189,159,159,True
000012,0.05,0.1,0.5,0.3,10,-1.5,210,82,61,61,True
000012,0.05,0.1,0.5,0.3,15,-1.5,114,49,37,37,True
000012,0.05,0.1,0.5,0.3,20,-1.5,62,44,29,27,True
000012,0.05,0.1,0.5,0.3,30,-1.5,28,24,13,11,True
000012,0.05,0.1,0.5,0.5,5,-1.5,1277,218,187,187,True
000012,0.05,0.1,0.5,0.5,10,-1.5,340,125,103,103,True
000012,0.05,0.1,0.5,0.5,15,-1.5,176,75,69,64,True
000012,0.05,0.1,0.5,0.5,20,-1.5,104,75,60,60,True
000012,0.05,0.1,0.5,0.5,30,-1.5,42,36,25,22,True
000012,0.1,0.1,0.5,0.1,5,-1.5,589,170,2,0,False
000012,0.1,0.1,0.5,0.1,10,-1.5,100,43,0,0,False
000012,0.1,0.1,0.5,0.1,15,-1.5,56,32,0,0,False
000012,0.1,0.1,0.5,0.1,20,-1.5,37,29,0,0,False
000012,0.1,0.1,0.5,0.1,30,-1.5,14,12,0,0,False
000012,0.1,0.1,0.5,0.15,5,-1.5,675,135,103,103,True
000012,0.1,0.1,0.5,0.15,10,-1.5,125,53,24,24,True
000012,0.1,0.1,0.5,0.15,15,-1.5,84,39,21,19,True
000012,0.1,0.1,0.5,0.15,20,-1.5,41,29,13,13,True
000012,0.1,0.1,0.5,0.15,30,-1.5,14,12,0,0,False
000012,0.1,0.1,0.5,0.2,5,-1.5,761,181,151,151,True
000012,0.1,0.1,0.5,0.2,10,-1.5,152,66,44,35,True
000012,0.1,0.1,0.5,0.2,15,-1.5,85,37,16,16,True
000012,0.1,0.1,0.5,0.2,20,-1.5,41,28,0,0,False
000012,0.1,0.1,0.5,0.2,30,-1.5,28,25,1,0,False
000012,0.1,0.1,0.5,0.3,5,-1.5,933,189,159,159,True
000012,0.1,0.1,0.5,0.3,10,-1.5,210,82,61,61,True
000012,0.1,0.1,0.5,0.3,15,-1.5,114,49,30,30,True
000012,0.1,0.1,0.5,0.3,20,-1.5,62,44,15,14,True
000012,0.1,0.1,0.5,0.3,30,-1.5,28,24,12,11,True
000012,0.1,0.1,0.5,0.5,5,-1.5,1277,218,184,184,True
000012,0.1,0.1,0.5,0.5,10,-1.5,340,125,103,103,True
000012,0.1,0.1,0.5,0.5,15,-1.5,176,75,59,54,True
000012,0.1,0.1,0.5,0.5,20,-1.5,104,75,59,59,True
000012,0.1,0.1,0.5,0.5,30,-1.5,42,36,23,22,True
000012,0.2,0.1,0.5,0.1,5,-1.5,589,170,0,0,False
000012,0.2,0.1,0.5,0.1,10,-1.5,100,43,0,0,False
000012,0.2,0.1,0.5,0.1,15,-1.5,56,32,0,0,False
000012,0.2,0.1,0.5,0.1,20,-1.5,37,29,0,0,False
000012,0.2,0.1,0.5,0.1,30,-1.5,14,12,0,0,False
000012,0.2,0.1,0.5,0.15,5,-1.5,675,135,0,0,False
000012,0.2,0.1,0.5,0.15,10,-1.5,125,53,0,0,False
000012,0.2,0.1,0.5,0.15,15,-1.5,84,39,0,0,False
000012,0.2,0.1,0.5,0.15,20,-1.5,41,29,0,0,False
000012,0.2,0.1,0.5,0.15,30,-1.5,14,12,0,0,False
000012,0.2,0.1,0.5,0.2,5,-1.5,761,181,0,0,False
000012,0.2,0.1,0.5,0.2,10,-1.5,152,66,0,0,False
000012,0.2,0.1,0.5,0.2,15,-1.5,85,37,0,0,False
000012,0.2,0.1,0.5,0.2,20,-1.5,41,28,0,0,False
000012,0.2,0.1,0.5,0.2,30,-1.5,28,25,0,0,False
000012,0.2,0.1,0.5,0.3,5,-1.5,933,189,131,131,True
000012,0.2,0.1,0.5,0.3,10,-1.5,210,82,33,17,True
000012,0.2,0.1,0.5,0.3,15,-1.5,114,49,15,15,True
000012,0.2,0.1,0.5,0.3,20,-1.5,62,44,0,0,False
000012,0.2,0.1,0.5,0.3,30,-1.5,28,24,0,0,False
000012,0.2,0.1,0.5,0.5,5,-1.5,1277,218,164,164,True
000012,0.2,0.1,0.5,0.5,10,-1.5,340,125,84,84,True
000012,0.2,0.1,0.5,0.5,15,-1.5,176,75,43,39,True
000012,0.2,0.1,0.5,0.5,20,-1.5,104,75,45,45,True
000012,0.2,0.1,0.5,0.5,30,-1.5,42,36,12,11,True
000012,0.3,0.1,0.5,0.1,5,-1.5,589,170,0,0,False
000012,0.3,0.1,0.5,0.1,10,-1.5,100,43,0,0,False
000012,0.3,0.1,0.5,0.1,15,-1.5,56,32,0,0,False
000012,0.3,0.1,0.5,0.1,20,-1.5,37,29,0,0,False
000012,0.3,0.1,0.5,0.1,30,-1.5,14,12,0,0,False
000012,0.3,0.1,0.5,0.15,5,-1.5,675,135,0,0,False
000012,0.3,0.1,0.5,0.15,10,-1.5,125,53,0,0,False
000012,0.3,0.1,0.5,0.15,15,-1.5,84,39,0,0,False
000012,0.3,0.1,0.5,0.15,20,-1.5,41,29,0,0,False
000012,0.3,0.1,0.5,0.15,30,-1.5,14,12,0,0,False
000012,0.3,0.1,0.5,0.2,5,-1.5,761,181,0,0,False
000012,0.3,0.1,0.5,0.2,10,-1.5,152,66,0,0,False
000012,0.3,0.1,0.5,0.2,15,-1.5,85,37,0,0,False
000012,0.3,0.1,0.5,0.2,20,-1.5,41,28,0,0,False
000012,0.3,0.1,0.5,0.2,30,-1.5,28,25,0,0,False
000012,0.3,0.1,0.5,0.3,5,-1.5,933,189,0,0,False
000012,0.3,0.1,0.5,0.3,10,-1.5,210,82,0,0,False
000012,0.3,0.1,0.5,0.3,15,-1.5,114,49,0,0,False
000012,0.3,0.1,0.5,0.3,20,-1.5,62,44,0,0,False
000012,0.3,0.1,0.5,0.3,30,-1.5,28,24,0,0,False
000012,0.3,0.1,0.5,0.5,5,-1.5,1277,218,121,121,True
000012,0.3,0.1,0.5,0.5,10,-1.5,340,125,66,66,True
000012,0.3,0.1,0.5,0.5,15,-1.5,176,75,15,13,True
000012,0.3,0.1,0.5,0.5,20,-1.5,104,75,10,10,True
000012,0.3,0.1,0.5,0.5,30,-1.5,42,36,0,0,False
