voxel_size,distance_threshold,eps,min_points,ground_method,ransac_impl,frames,clusters_per_frame,median_cluster_bev_area_m2,nearest_obstacle_median_m,gt_total,recall_all,recall_small,recall_vehicle,cluster_precision_vs_gt,merged_clusters,split_gt,low_pts_kept_pct,flat_clusters_per_frame,frames_nearest_is_flat,latency_total_p50_ms,latency_total_p95_ms,latency_core_p50_ms,latency_core_p95_ms,latency_samples
0.05,0.05,0.5,5,plane,numpy,20,64.35,0.5504,5.5572,89,1.0,1.0,1.0,0.0808,9,30,96.8553,7.2,0,26.6852,33.0915,18.9481,24.1634,400
0.05,0.1,0.5,5,plane,numpy,20,54.3,0.4296,5.5572,89,1.0,1.0,1.0,0.1059,7,28,68.2081,3.75,2,26.0226,32.7447,18.5809,23.8971,400
0.05,0.2,0.5,5,plane,numpy,20,44.75,0.4547,5.5572,89,1.0,1.0,1.0,0.1251,7,27,45.614,2.6,1,25.027,30.4401,17.2322,20.6335,400
0.05,0.3,0.5,5,plane,numpy,20,38.95,0.4726,5.5572,89,1.0,1.0,1.0,0.1489,7,23,0.0,1.4,0,23.5385,31.08,16.2269,22.1846,400
0.05,0.5,0.5,5,plane,numpy,20,34.75,0.4313,5.668,89,0.9888,1.0,0.9853,0.1669,9,24,0.0,1.2,0,20.8044,24.4357,13.9127,17.3435,400
0.1,0.05,0.5,5,plane,numpy,20,62.75,0.6233,5.5572,89,1.0,1.0,1.0,0.0892,9,30,89.5161,6.9,1,19.0053,21.9079,11.3727,13.7248,400
0.1,0.1,0.5,5,plane,numpy,20,54.2,0.4842,5.5572,89,1.0,1.0,1.0,0.1033,7,24,65.1316,3.85,1,18.1925,21.0587,11.1352,13.186,400
0.1,0.2,0.5,5,plane,numpy,20,41.2,0.4764,5.5572,89,1.0,1.0,1.0,0.1335,7,24,43.1373,2.15,1,17.5346,20.4446,10.5901,12.6727,400
0.1,0.3,0.5,5,plane,numpy,20,38.6,0.4666,5.5572,89,0.9888,1.0,0.9853,0.1425,9,24,0.0,1.5,2,17.1328,19.965,10.0182,12.2617,400
0.1,0.5,0.5,5,plane,numpy,20,37.9,0.417,5.6608,89,0.9775,1.0,0.9706,0.1596,8,32,0.0,1.9,0,16.1033,18.4231,9.1327,10.8512,400
0.2,0.05,0.5,5,plane,numpy,20,60.05,0.6234,5.5857,89,1.0,1.0,1.0,0.0891,9,29,97.4684,6.7,2,12.9667,14.7844,5.7533,7.3273,400
0.2,0.1,0.5,5,plane,numpy,20,50.05,0.5422,5.5857,89,1.0,1.0,1.0,0.1119,7,25,69.3182,4.8,1,12.4941,14.3693,5.5809,7.1175,400
0.2,0.2,0.5,5,plane,numpy,20,38.65,0.5197,5.5857,89,1.0,1.0,1.0,0.1332,7,20,34.7368,2.15,0,12.0022,14.0126,5.2709,6.7882,400
0.2,0.3,0.5,5,plane,numpy,20,34.95,0.5216,5.5857,89,1.0,1.0,1.0,0.1602,6,21,0.0,1.05,1,11.7876,13.7769,5.0704,6.5445,400
0.2,0.5,0.5,5,plane,numpy,20,31.85,0.5081,5.6775,89,0.9888,1.0,0.9853,0.1743,6,20,0.0,1.35,0,11.342,13.3155,4.7343,6.1696,400
0.3,0.05,0.5,5,plane,numpy,20,61.55,0.5087,5.6012,89,0.9888,1.0,0.9853,0.091,5,25,91.6667,2.85,3,10.8099,12.3097,3.6909,4.5636,400
0.3,0.1,0.5,5,plane,numpy,20,47.55,0.5081,5.6012,89,0.9775,0.9524,0.9853,0.1178,5,23,67.1875,1.45,0,10.2866,11.5778,3.4504,4.3043,400
0.3,0.2,0.5,5,plane,numpy,20,37.7,0.482,5.6012,89,0.9775,0.9524,0.9853,0.1419,5,19,40.9091,0.7,0,9.9683,11.4252,3.2611,4.1735,400
0.3,0.3,0.5,5,plane,numpy,20,34.3,0.4842,5.6012,89,0.9775,0.9524,0.9853,0.1589,5,19,0.0,0.4,1,9.8824,11.3998,3.2584,4.1079,400
0.3,0.5,0.5,5,plane,numpy,20,30.4,0.4503,5.7865,89,0.9326,0.9524,0.9265,0.1711,4,21,0.0,0.35,0,9.7964,11.4885,3.1628,4.0027,400
